Date,High,Low,Open,Close,Volume,Adj Close,Name
2018-01-02,97.33999633789062,95.56999969482422,96.77999877929688,96.31999969482422,2015000.0,90.13471984863281,DRI
2018-01-03,98.68000030517578,96.5999984741211,96.7300033569336,98.54000091552734,1632400.0,92.21217346191406,DRI
2018-01-04,100.11000061035156,98.41000366210938,99.5199966430664,98.5199966430664,2156000.0,92.19344329833984,DRI
2018-01-05,99.31999969482422,97.87999725341797,98.83999633789062,99.30999755859375,1303100.0,92.93270874023438,DRI
2018-01-08,99.30999755859375,97.05000305175781,99.0,98.77999877929688,1857300.0,92.4367446899414,DRI
2018-01-09,98.54000091552734,97.19000244140625,98.4800033569336,97.48999786376953,1884900.0,91.8151626586914,DRI
2018-01-10,97.55999755859375,96.5999984741211,97.45999908447266,96.79000091552734,1353900.0,91.15589904785156,DRI
2018-01-11,97.94999694824219,96.86000061035156,97.05000305175781,97.5999984741211,1277400.0,91.91876983642578,DRI
2018-01-12,99.41000366210938,97.76000213623047,97.98999786376953,98.0199966430664,1076300.0,92.31430053710938,DRI
2018-01-16,98.86000061035156,96.30999755859375,98.69000244140625,96.73999786376953,1565600.0,91.10883331298828,DRI
2018-01-17,98.58000183105469,97.05999755859375,97.56999969482422,97.45999908447266,1212300.0,91.78691864013672,DRI
2018-01-18,97.80000305175781,96.80999755859375,97.1500015258789,97.36000061035156,913800.0,91.69273376464844,DRI
2018-01-19,99.11000061035156,97.68000030517578,97.7300033569336,99.04000091552734,1306200.0,93.27494812011719,DRI
2018-01-22,98.80000305175781,96.69000244140625,98.72000122070312,98.05999755859375,1200100.0,92.35198974609375,DRI
2018-01-23,98.58000183105469,97.44000244140625,97.70999908447266,97.48999786376953,818800.0,91.8151626586914,DRI
2018-01-24,98.30999755859375,97.04000091552734,97.94999694824219,97.55000305175781,732300.0,91.8716812133789,DRI
2018-01-25,98.55000305175781,96.7699966430664,98.0,97.86000061035156,985500.0,92.16364288330078,DRI
2018-01-26,98.5999984741211,97.0999984741211,97.98999786376953,98.48999786376953,838900.0,92.7569580078125,DRI
2018-01-29,98.9800033569336,97.75,98.33999633789062,98.2300033569336,809600.0,92.51210021972656,DRI
2018-01-30,98.37999725341797,96.5199966430664,98.06999969482422,96.54000091552734,1273300.0,90.92047882080078,DRI
2018-01-31,97.13999938964844,95.33999633789062,96.58000183105469,95.8499984741211,1798300.0,90.2706298828125,DRI
2018-02-01,97.55000305175781,95.0199966430664,95.4000015258789,97.51000213623047,1561100.0,91.8340072631836,DRI
2018-02-02,97.41000366210938,95.98999786376953,97.16999816894531,96.04000091552734,1701900.0,90.44956970214844,DRI
2018-02-05,98.33000183105469,94.22000122070312,95.55999755859375,94.22000122070312,1687900.0,88.73551940917969,DRI
2018-02-06,94.93000030517578,91.1500015258789,92.58000183105469,94.37999725341797,2462000.0,88.8862075805664,DRI
2018-02-07,96.2300033569336,93.83000183105469,93.8499984741211,95.08000183105469,1213500.0,89.54545593261719,DRI
2018-02-08,95.66000366210938,91.2300033569336,95.3499984741211,91.33000183105469,1776500.0,86.01373291015625,DRI
2018-02-09,93.41000366210938,90.2300033569336,92.2300033569336,92.69000244140625,1648200.0,87.2945785522461,DRI
2018-02-12,94.87000274658203,93.1500015258789,93.25,94.22000122070312,1343900.0,88.73551940917969,DRI
2018-02-13,95.0,93.2300033569336,93.87000274658203,94.72000122070312,1965700.0,89.20641326904297,DRI
2018-02-14,96.08999633789062,94.18000030517578,94.70999908447266,95.61000061035156,1276400.0,90.04460144042969,DRI
2018-02-15,97.86000061035156,95.86000061035156,96.08999633789062,97.69000244140625,1836400.0,92.0035400390625,DRI
2018-02-16,97.72000122070312,96.11000061035156,97.4000015258789,96.5199966430664,1240400.0,90.9016342163086,DRI
2018-02-20,96.12999725341797,94.25,95.9800033569336,94.9000015258789,1170600.0,89.37593841552734,DRI
2018-02-21,96.6500015258789,94.83999633789062,94.83999633789062,95.30000305175781,1160000.0,89.7526626586914,DRI
2018-02-22,96.37999725341797,94.87000274658203,95.61000061035156,95.19000244140625,867200.0,89.6490707397461,DRI
2018-02-23,95.75,94.20999908447266,95.4800033569336,95.3499984741211,1406800.0,89.79973602294922,DRI
2018-02-26,96.37999725341797,95.37999725341797,95.56999969482422,96.31999969482422,806000.0,90.71327209472656,DRI
2018-02-27,96.97000122070312,92.83000183105469,96.45999908447266,92.87999725341797,1660300.0,87.47351837158203,DRI
2018-02-28,94.05999755859375,91.87000274658203,92.86000061035156,92.19000244140625,3265600.0,86.82369232177734,DRI
2018-03-01,94.36000061035156,91.7699966430664,92.38999938964844,92.5,1115500.0,87.11564636230469,DRI
2018-03-02,95.70999908447266,91.9800033569336,91.9800033569336,95.47000122070312,2294800.0,89.91276550292969,DRI
2018-03-05,95.58000183105469,94.0999984741211,95.16000366210938,94.44999694824219,1857300.0,88.95213317871094,DRI
2018-03-06,94.87000274658203,93.08000183105469,94.87000274658203,94.12000274658203,1468500.0,88.64134216308594,DRI
2018-03-07,93.55999755859375,92.45999908447266,93.25,93.38999938964844,1714800.0,87.95382690429688,DRI
2018-03-08,94.27999877929688,93.33999633789062,93.77999877929688,93.62000274658203,1671400.0,88.17044067382812,DRI
2018-03-09,94.91999816894531,93.70999908447266,94.33000183105469,94.80999755859375,1209100.0,89.29118347167969,DRI
2018-03-12,95.4800033569336,94.30999755859375,94.8499984741211,94.75,1253100.0,89.23465728759766,DRI
2018-03-13,95.45999908447266,94.31999969482422,95.2699966430664,94.4800033569336,1585500.0,88.98038482666016,DRI
2018-03-14,96.01000213623047,93.98999786376953,94.97000122070312,94.20999908447266,1280300.0,88.72608947753906,DRI
2018-03-15,95.19000244140625,93.44999694824219,94.30999755859375,93.62000274658203,1693200.0,88.17044067382812,DRI
2018-03-16,95.19999694824219,93.68000030517578,93.87000274658203,94.55000305175781,3029900.0,89.04631042480469,DRI
2018-03-19,95.08999633789062,93.66000366210938,94.18000030517578,94.37000274658203,1629500.0,88.87678527832031,DRI
2018-03-20,96.37000274658203,94.44999694824219,94.69000244140625,95.11000061035156,1925400.0,89.5737075805664,DRI
2018-03-21,95.68000030517578,93.20999908447266,95.04000091552734,93.30999755859375,1661400.0,87.87847900390625,DRI
2018-03-22,90.0,85.87999725341797,88.4800033569336,85.94000244140625,5256500.0,80.9375,DRI
2018-03-23,86.8499984741211,84.22000122070312,85.83000183105469,84.25,2723700.0,79.34587097167969,DRI
2018-03-26,86.83000183105469,84.55000305175781,85.48999786376953,84.81999969482422,2123600.0,79.88268280029297,DRI
2018-03-27,85.33000183105469,83.66999816894531,84.76000213623047,84.22000122070312,1430100.0,79.31761169433594,DRI
2018-03-28,84.7300033569336,83.91000366210938,84.26000213623047,84.37999725341797,1857500.0,79.46829223632812,DRI
2018-03-29,85.63999938964844,84.20999908447266,84.77999877929688,85.25,1319900.0,80.28765869140625,DRI
2018-04-02,86.02999877929688,82.37999725341797,86.01000213623047,84.06999969482422,2188500.0,79.17634582519531,DRI
2018-04-03,85.37999725341797,83.56999969482422,84.26000213623047,84.55999755859375,1381300.0,79.6378173828125,DRI
2018-04-04,87.04000091552734,83.75,83.75,86.83999633789062,1829200.0,81.78509521484375,DRI
2018-04-05,87.08000183105469,86.05999755859375,87.08000183105469,86.66999816894531,1852800.0,81.625,DRI
2018-04-06,87.08999633789062,85.83000183105469,86.01000213623047,86.86000061035156,1757600.0,81.80394744873047,DRI
2018-04-09,87.91000366210938,86.4800033569336,87.29000091552734,86.55000305175781,2084300.0,82.10751342773438,DRI
2018-04-10,87.25,85.87000274658203,87.08999633789062,86.58999633789062,1698400.0,82.14546203613281,DRI
2018-04-11,87.04000091552734,86.04000091552734,86.31999969482422,86.5,970000.0,82.0600814819336,DRI
2018-04-12,87.69000244140625,86.66999816894531,87.12999725341797,86.8499984741211,1040900.0,82.39212036132812,DRI
2018-04-13,87.87999725341797,86.86000061035156,87.27999877929688,87.72000122070312,1785500.0,83.21745300292969,DRI
2018-04-16,89.12000274658203,88.0,88.0,88.94999694824219,1618500.0,84.38432312011719,DRI
2018-04-17,90.41999816894531,88.87999725341797,89.95999908447266,89.41999816894531,1318700.0,84.83019256591797,DRI
2018-04-18,90.58000183105469,89.33999633789062,89.55000305175781,89.76000213623047,1137800.0,85.15274810791016,DRI
2018-04-19,90.0999984741211,88.94999694824219,89.73999786376953,89.76000213623047,843900.0,85.15274810791016,DRI
2018-04-20,91.3499984741211,90.36000061035156,90.72000122070312,91.05000305175781,1773800.0,86.37654113769531,DRI
2018-04-23,91.3499984741211,89.8499984741211,91.0199966430664,91.05000305175781,1500300.0,86.37654113769531,DRI
2018-04-24,91.87999725341797,89.69000244140625,91.58000183105469,90.4000015258789,1004700.0,85.75990295410156,DRI
2018-04-25,91.48999786376953,90.05999755859375,90.51000213623047,91.12000274658203,908200.0,86.44293975830078,DRI
2018-04-26,93.5,91.63999938964844,91.63999938964844,92.8499984741211,1413500.0,88.08414459228516,DRI
2018-04-27,95.43000030517578,92.75,93.01000213623047,94.44000244140625,1346400.0,89.59252166748047,DRI
2018-04-30,94.69000244140625,92.72000122070312,94.69000244140625,92.86000061035156,2533700.0,88.0936279296875,DRI
2018-05-01,93.41000366210938,92.1500015258789,92.7699966430664,93.30000305175781,956300.0,88.51104736328125,DRI
2018-05-02,93.3499984741211,91.77999877929688,92.83000183105469,91.98999786376953,1003100.0,87.26827239990234,DRI
2018-05-03,92.13999938964844,91.08999633789062,91.87000274658203,91.83000183105469,869500.0,87.11649322509766,DRI
2018-05-04,93.68000030517578,91.77999877929688,91.9000015258789,92.83000183105469,1198000.0,88.06517028808594,DRI
2018-05-07,92.83999633789062,91.44000244140625,92.83999633789062,91.91000366210938,1916600.0,87.19239807128906,DRI
2018-05-08,93.0,91.88999938964844,92.12000274658203,92.2699966430664,1150300.0,87.5339126586914,DRI
2018-05-09,92.25,91.0999984741211,92.23999786376953,91.83999633789062,1132100.0,87.12598419189453,DRI
2018-05-10,91.72000122070312,91.04000091552734,91.52999877929688,91.33999633789062,1129300.0,86.6516342163086,DRI
2018-05-11,92.25,90.2699966430664,91.4800033569336,90.33000183105469,1895400.0,85.69348907470703,DRI
2018-05-14,90.33000183105469,86.66999816894531,90.26000213623047,86.97000122070312,2307500.0,82.5059585571289,DRI
2018-05-15,87.44999694824219,86.30000305175781,86.69999694824219,87.30000305175781,1686000.0,82.81902313232422,DRI
2018-05-16,87.81999969482422,87.01000213623047,87.44000244140625,87.22000122070312,1148400.0,82.74310302734375,DRI
2018-05-17,87.77999877929688,84.98999786376953,87.0,85.94000244140625,2345800.0,81.52882385253906,DRI
2018-05-18,86.4000015258789,84.41999816894531,86.02999877929688,85.05999755859375,1745600.0,80.69398498535156,DRI
2018-05-21,86.43000030517578,84.37000274658203,85.11000061035156,86.22000122070312,1468000.0,81.79444885253906,DRI
2018-05-22,86.61000061035156,85.37000274658203,86.4000015258789,85.94000244140625,1431400.0,81.52882385253906,DRI
2018-05-23,86.02999877929688,84.62000274658203,85.25,85.70999908447266,1672000.0,81.31062316894531,DRI
2018-05-24,87.43000030517578,85.76000213623047,85.91999816894531,86.94999694824219,1719300.0,82.48698425292969,DRI
2018-05-25,88.9000015258789,86.94000244140625,87.12000274658203,87.87999725341797,1478400.0,83.3692398071289,DRI
2018-05-29,88.08999633789062,86.93000030517578,87.31999969482422,88.08000183105469,1492500.0,83.5589828491211,DRI
2018-05-30,89.05000305175781,88.13999938964844,88.55999755859375,88.97000122070312,1244600.0,84.4032974243164,DRI
2018-05-31,88.95999908447266,86.93000030517578,88.95999908447266,87.41000366210938,1792900.0,82.9233627319336,DRI
2018-06-01,89.5,87.86000061035156,88.29000091552734,88.5,1269000.0,83.9574203491211,DRI
2018-06-04,89.05999755859375,87.86000061035156,88.2300033569336,88.66999816894531,1287000.0,84.11869812011719,DRI
2018-06-05,89.43000030517578,87.61000061035156,88.48999786376953,89.26000213623047,1106100.0,84.67842102050781,DRI
2018-06-06,91.18000030517578,89.23999786376953,89.51000213623047,90.91000366210938,1061500.0,86.24372863769531,DRI
2018-06-07,92.54000091552734,91.12000274658203,92.29000091552734,91.4000015258789,1257800.0,86.70857238769531,DRI
2018-06-08,91.91000366210938,90.54000091552734,91.25,91.44999694824219,1378900.0,86.75599670410156,DRI
2018-06-11,92.41000366210938,91.4000015258789,91.87999725341797,92.30999755859375,1157800.0,87.57186126708984,DRI
2018-06-12,93.01000213623047,91.9800033569336,92.70999908447266,92.83000183105469,1705600.0,88.06517028808594,DRI
2018-06-13,93.7300033569336,92.36000061035156,92.97000122070312,92.37999725341797,924500.0,87.63826751708984,DRI
2018-06-14,92.9000015258789,91.56999969482422,92.52999877929688,92.19000244140625,1681100.0,87.4580307006836,DRI
2018-06-15,94.18000030517578,91.33999633789062,92.05000305175781,94.0999984741211,1904300.0,89.26998138427734,DRI
2018-06-18,94.4800033569336,93.0,93.31999969482422,94.31999969482422,1448100.0,89.47868347167969,DRI
2018-06-19,95.97000122070312,93.87999725341797,93.9000015258789,94.61000061035156,1791000.0,89.75379943847656,DRI
2018-06-20,94.69999694824219,93.18000030517578,94.5199966430664,93.2699966430664,2889700.0,88.48258209228516,DRI
2018-06-21,107.73999786376953,100.72000122070312,102.51000213623047,107.05999755859375,8042900.0,101.56475067138672,DRI
2018-06-22,109.52999877929688,105.36000061035156,108.23999786376953,108.87000274658203,3273800.0,103.28186798095703,DRI
2018-06-25,109.36000061035156,107.19999694824219,108.69000244140625,107.30000305175781,2510000.0,101.79244995117188,DRI
2018-06-26,108.87999725341797,106.33000183105469,107.41000366210938,107.83999633789062,2031900.0,102.30472564697266,DRI
2018-06-27,108.4000015258789,105.80999755859375,108.38999938964844,105.87000274658203,1880700.0,100.43584442138672,DRI
2018-06-28,108.05000305175781,105.52999877929688,105.52999877929688,108.0,2003500.0,102.45650482177734,DRI
2018-06-29,109.58000183105469,107.05999755859375,108.45999908447266,107.05999755859375,1894900.0,101.56475067138672,DRI
2018-07-02,109.7300033569336,106.12999725341797,106.8499984741211,109.51000213623047,2053300.0,103.88900756835938,DRI
2018-07-03,110.55000305175781,108.1500015258789,110.0,108.66999816894531,2591300.0,103.09212493896484,DRI
2018-07-05,110.4800033569336,108.91000366210938,109.3499984741211,110.19000244140625,1963600.0,104.53411102294922,DRI
2018-07-06,111.43000030517578,110.19000244140625,110.86000061035156,111.08000183105469,1963500.0,105.37841796875,DRI
2018-07-09,111.05999755859375,109.70999908447266,110.68000030517578,110.43000030517578,2254300.0,105.47393798828125,DRI
2018-07-10,110.76000213623047,109.25,110.48999786376953,109.80000305175781,1993800.0,104.87222290039062,DRI
2018-07-11,110.9800033569336,109.41999816894531,109.44999694824219,110.45999908447266,1768200.0,105.5025863647461,DRI
2018-07-12,111.73999786376953,110.69999694824219,111.25,111.38999938964844,1386300.0,106.39085388183594,DRI
2018-07-13,112.31999969482422,110.80999755859375,111.11000061035156,112.08999633789062,955700.0,107.05944061279297,DRI
2018-07-16,111.94000244140625,110.05000305175781,110.73999786376953,111.27999877929688,1506900.0,106.28578186035156,DRI
2018-07-17,111.75,110.19999694824219,111.33000183105469,110.37999725341797,1215300.0,105.42617797851562,DRI
2018-07-18,112.44000244140625,110.5199966430664,111.08000183105469,112.1500015258789,1215100.0,107.11675262451172,DRI
2018-07-19,112.80999755859375,111.02999877929688,111.02999877929688,111.80999755859375,801800.0,106.7919921875,DRI
2018-07-20,111.51000213623047,110.36000061035156,111.43000030517578,110.45999908447266,1240200.0,105.5025863647461,DRI
2018-07-23,111.55999755859375,109.11000061035156,110.7300033569336,110.95999908447266,1139200.0,105.98014831542969,DRI
2018-07-24,110.91999816894531,107.93000030517578,110.91999816894531,108.30000305175781,1798500.0,103.43953704833984,DRI
2018-07-25,109.61000061035156,106.91999816894531,108.0,107.05000305175781,2290000.0,102.24563598632812,DRI
2018-07-26,107.97000122070312,106.51000213623047,106.95999908447266,107.01000213623047,1632400.0,102.2074203491211,DRI
2018-07-27,108.5199966430664,106.68000030517578,107.97000122070312,106.77999877929688,1193600.0,101.98774719238281,DRI
2018-07-30,107.4000015258789,106.2699966430664,106.76000213623047,106.41999816894531,632000.0,101.64390563964844,DRI
2018-07-31,107.0,104.72000122070312,104.80000305175781,106.94000244140625,1328700.0,102.14057159423828,DRI
2018-08-01,107.19000244140625,105.31999969482422,105.87999725341797,106.52999877929688,1207300.0,101.74895477294922,DRI
2018-08-02,109.12000274658203,106.33999633789062,106.97000122070312,108.7699966430664,1287500.0,103.888427734375,DRI
2018-08-03,109.7300033569336,108.0199966430664,108.88999938964844,108.87999725341797,1114200.0,103.99349212646484,DRI
2018-08-06,111.38999938964844,109.18000030517578,109.18000030517578,110.88999938964844,972000.0,105.91329193115234,DRI
2018-08-07,111.69999694824219,109.4000015258789,111.20999908447266,109.9800033569336,837000.0,105.04413604736328,DRI
2018-08-08,110.08999633789062,108.58000183105469,109.97000122070312,109.87999725341797,735100.0,104.94861602783203,DRI
2018-08-09,110.87999725341797,109.33999633789062,109.8499984741211,109.41999816894531,884700.0,104.50926208496094,DRI
2018-08-10,110.19999694824219,107.95999908447266,108.45999908447266,109.47000122070312,892700.0,104.55702209472656,DRI
2018-08-13,109.73999786376953,108.44999694824219,109.54000091552734,109.33000183105469,754600.0,104.42330169677734,DRI
2018-08-14,111.29000091552734,108.45999908447266,109.97000122070312,111.16000366210938,818900.0,106.1711654663086,DRI
2018-08-15,112.73999786376953,110.58000183105469,110.58000183105469,112.33999633789062,1262500.0,107.29821014404297,DRI
2018-08-16,113.54000091552734,112.52999877929688,112.83000183105469,112.87999725341797,987900.0,107.81397247314453,DRI
2018-08-17,114.05999755859375,112.72000122070312,113.1500015258789,113.8499984741211,776900.0,108.74044799804688,DRI
2018-08-20,114.51000213623047,113.4000015258789,113.73999786376953,114.36000061035156,1166500.0,109.22755432128906,DRI
2018-08-21,114.68000030517578,113.02999877929688,114.52999877929688,114.0,626600.0,108.88370513916016,DRI
2018-08-22,114.20999908447266,113.01000213623047,114.19999694824219,113.76000213623047,529600.0,108.65449523925781,DRI
2018-08-23,114.43000030517578,112.20999908447266,113.5199966430664,114.30999755859375,1101200.0,109.17979431152344,DRI
2018-08-24,115.30999755859375,114.08000183105469,114.44999694824219,114.33000183105469,970700.0,109.19890594482422,DRI
2018-08-27,115.0,113.44999694824219,114.70999908447266,113.87999725341797,643700.0,108.76909637451172,DRI
2018-08-28,115.2699966430664,113.66000366210938,113.66000366210938,114.9800033569336,912400.0,109.81974029541016,DRI
2018-08-29,115.19000244140625,114.31999969482422,115.19000244140625,114.87999725341797,518300.0,109.72421264648438,DRI
2018-08-30,116.29000091552734,114.2699966430664,114.75,115.62000274658203,557500.0,110.43099975585938,DRI
2018-08-31,116.62000274658203,115.19000244140625,115.80999755859375,116.04000091552734,999900.0,110.83216094970703,DRI
2018-09-04,117.61000061035156,115.97000122070312,116.11000061035156,117.2699966430664,815500.0,112.00695037841797,DRI
2018-09-05,119.0999984741211,116.75,117.91000366210938,118.87000274658203,1066400.0,113.53514862060547,DRI
2018-09-06,119.41000366210938,118.05000305175781,118.58999633789062,118.80999755859375,1154800.0,113.47784423828125,DRI
2018-09-07,120.19999694824219,118.69999694824219,118.8499984741211,119.16000366210938,1571700.0,113.8121337890625,DRI
2018-09-10,119.29000091552734,117.2300033569336,117.44999694824219,118.68000030517578,1006200.0,113.35366821289062,DRI
2018-09-11,120.93000030517578,118.94999694824219,120.51000213623047,119.37999725341797,1173300.0,114.02224731445312,DRI
2018-09-12,119.75,118.45999908447266,119.5199966430664,118.73999786376953,754200.0,113.41098022460938,DRI
2018-09-13,119.61000061035156,118.19000244140625,119.41999816894531,118.8499984741211,862100.0,113.51603698730469,DRI
2018-09-14,119.4000015258789,118.38999938964844,119.4000015258789,119.05000305175781,815800.0,113.70707702636719,DRI
2018-09-17,118.91999816894531,117.41999816894531,118.58999633789062,117.9800033569336,992200.0,112.68508911132812,DRI
2018-09-18,119.54000091552734,117.01000213623047,117.91000366210938,118.9000015258789,1697600.0,113.56381225585938,DRI
2018-09-19,119.8499984741211,117.08000183105469,119.76000213623047,117.88999938964844,1662900.0,112.59912872314453,DRI
2018-09-20,124.0,114.9000015258789,122.62000274658203,116.44999694824219,3697400.0,111.22374725341797,DRI
2018-09-21,117.0,112.5999984741211,116.9000015258789,112.88999938964844,3062000.0,107.82353210449219,DRI
2018-09-24,113.73999786376953,110.72000122070312,111.2699966430664,113.27999877929688,1811400.0,108.19603729248047,DRI
2018-09-25,114.04000091552734,112.62999725341797,113.87000274658203,113.08000183105469,1475400.0,108.00501251220703,DRI
2018-09-26,114.22000122070312,112.4000015258789,113.41000366210938,112.54000091552734,1269500.0,107.48924255371094,DRI
2018-09-27,113.0999984741211,111.08999633789062,112.27999877929688,111.27999877929688,916700.0,106.28578186035156,DRI
2018-09-28,111.88999938964844,110.97000122070312,111.29000091552734,111.19000244140625,1807700.0,106.19983673095703,DRI
2018-10-01,111.18000030517578,109.01000213623047,111.12999725341797,109.22000122070312,1444100.0,104.31825256347656,DRI
2018-10-02,109.5199966430664,106.94000244140625,109.31999969482422,107.05000305175781,1715100.0,102.24563598632812,DRI
2018-10-03,108.94999694824219,107.22000122070312,107.44000244140625,107.9000015258789,1561200.0,103.05747985839844,DRI
2018-10-04,108.66000366210938,107.69000244140625,108.13999938964844,108.13999938964844,1399600.0,103.28671264648438,DRI
2018-10-05,109.08000183105469,107.45999908447266,108.2300033569336,108.38999938964844,1574300.0,103.5254898071289,DRI
2018-10-08,108.94999694824219,106.81999969482422,108.43000030517578,108.33999633789062,1105500.0,103.47773742675781,DRI
2018-10-09,109.33999633789062,107.97000122070312,108.1500015258789,108.63999938964844,1272000.0,104.48759460449219,DRI
2018-10-10,109.23999786376953,106.87000274658203,108.66000366210938,106.95999908447266,1220400.0,102.87181854248047,DRI
2018-10-11,106.91999816894531,103.13999938964844,106.83000183105469,104.05000305175781,2045700.0,100.07304382324219,DRI
2018-10-12,107.36000061035156,105.12999725341797,105.37999725341797,106.76000213623047,1670800.0,102.67945861816406,DRI
2018-10-15,107.54000091552734,105.56999969482422,106.5999984741211,106.73999786376953,922100.0,102.66023254394531,DRI
2018-10-16,110.33999633789062,107.25,107.63999938964844,110.08999633789062,1562300.0,105.8821792602539,DRI
2018-10-17,110.63999938964844,108.52999877929688,109.88999938964844,109.94000244140625,1049300.0,105.7379150390625,DRI
2018-10-18,110.91999816894531,108.77999877929688,109.9000015258789,109.66000366210938,1219900.0,105.46862030029297,DRI
2018-10-19,109.4000015258789,106.13999938964844,109.4000015258789,106.33000183105469,1439500.0,102.26589965820312,DRI
2018-10-22,107.72000122070312,106.33999633789062,106.77999877929688,107.12999725341797,1068500.0,103.03532409667969,DRI
2018-10-23,107.61000061035156,105.41999816894531,106.0,107.19999694824219,1119700.0,103.1026382446289,DRI
2018-10-24,108.05999755859375,103.76000213623047,106.26000213623047,103.91000366210938,1381500.0,99.93839263916016,DRI
2018-10-25,107.12000274658203,104.1500015258789,104.44999694824219,106.43000030517578,918400.0,102.362060546875,DRI
2018-10-26,106.22000122070312,103.26000213623047,105.43000030517578,103.91000366210938,1286700.0,99.93839263916016,DRI
2018-10-29,107.9800033569336,104.2300033569336,105.62999725341797,105.16000366210938,1095200.0,101.14061737060547,DRI
2018-10-30,108.16000366210938,104.0999984741211,105.94000244140625,108.06999969482422,1390300.0,103.93938446044922,DRI
2018-10-31,109.0,106.16999816894531,109.0,106.55000305175781,1375000.0,102.47749328613281,DRI
2018-11-01,107.58000183105469,104.81999969482422,106.29000091552734,104.86000061035156,1290100.0,100.85208892822266,DRI
2018-11-02,108.12999725341797,103.88999938964844,105.95999908447266,105.30000305175781,2956500.0,101.27526092529297,DRI
2018-11-05,107.38999938964844,105.12000274658203,105.19000244140625,106.33999633789062,2410400.0,102.2755126953125,DRI
2018-11-06,110.66999816894531,106.38999938964844,106.38999938964844,110.6500015258789,3451300.0,106.4207763671875,DRI
2018-11-07,112.19000244140625,109.31999969482422,110.66999816894531,111.22000122070312,2126200.0,106.96898651123047,DRI
2018-11-08,114.45999908447266,110.9800033569336,111.4000015258789,112.23999786376953,1441000.0,107.94999694824219,DRI
2018-11-09,113.69999694824219,111.63999938964844,112.33000183105469,112.44000244140625,1731600.0,108.14236450195312,DRI
2018-11-12,113.69999694824219,112.08000183105469,113.0,112.38999938964844,1634200.0,108.0942611694336,DRI
2018-11-13,114.08999633789062,111.52999877929688,112.70999908447266,112.05000305175781,2067700.0,107.76725769042969,DRI
2018-11-14,113.55000305175781,111.16000366210938,112.43000030517578,111.91999816894531,1632800.0,107.6422348022461,DRI
2018-11-15,112.9800033569336,109.81999969482422,111.29000091552734,111.81999969482422,1732400.0,107.5460433959961,DRI
2018-11-16,111.98999786376953,109.75,111.08000183105469,111.86000061035156,1604500.0,107.58452606201172,DRI
2018-11-19,114.05000305175781,111.25,111.75,113.45999908447266,1460700.0,109.12337493896484,DRI
2018-11-20,113.19000244140625,110.69000244140625,112.62999725341797,111.33999633789062,1128800.0,107.08439636230469,DRI
2018-11-21,111.94999694824219,110.45999908447266,111.44000244140625,111.20999908447266,707900.0,106.9593734741211,DRI
2018-11-23,112.81999969482422,110.5199966430664,110.5199966430664,111.56999969482422,638700.0,107.30561065673828,DRI
2018-11-26,112.93000030517578,109.27999877929688,112.6500015258789,110.27999877929688,1441700.0,106.0649185180664,DRI
2018-11-27,111.11000061035156,109.25,109.79000091552734,109.93000030517578,1629800.0,105.72830200195312,DRI
2018-11-28,114.1500015258789,110.72000122070312,110.72000122070312,113.3499984741211,1693600.0,109.01757049560547,DRI
2018-11-29,113.20999908447266,109.87000274658203,112.19999694824219,111.26000213623047,1328000.0,107.00746154785156,DRI
2018-11-30,111.87999725341797,109.58999633789062,111.44999694824219,110.54000091552734,1875100.0,106.31498718261719,DRI
2018-12-03,111.4800033569336,108.19999694824219,111.08999633789062,110.05000305175781,1959200.0,105.84371948242188,DRI
2018-12-04,111.0,107.58000183105469,109.61000061035156,107.75,1635700.0,103.63162994384766,DRI
2018-12-06,109.5999984741211,105.87999725341797,107.19000244140625,109.37999725341797,1650200.0,105.1993179321289,DRI
2018-12-07,109.87999725341797,104.27999877929688,109.18000030517578,104.83000183105469,1753800.0,100.82322692871094,DRI
2018-12-10,105.94000244140625,103.27999877929688,104.83000183105469,105.36000061035156,1816400.0,101.33296203613281,DRI
2018-12-11,106.52999877929688,100.87999725341797,106.4000015258789,101.75,2043700.0,97.86095428466797,DRI
2018-12-12,107.05000305175781,104.12999725341797,104.37000274658203,105.30999755859375,1993500.0,101.28487396240234,DRI
2018-12-13,106.29000091552734,102.83999633789062,105.47000122070312,104.22000122070312,1581700.0,100.2365493774414,DRI
2018-12-14,104.97000122070312,102.62999725341797,103.19999694824219,103.19999694824219,1631000.0,99.25552368164062,DRI
2018-12-17,103.30000305175781,98.72000122070312,102.91000366210938,98.88999938964844,3030900.0,95.11026763916016,DRI
2018-12-18,105.08999633789062,101.33000183105469,102.94000244140625,103.8499984741211,4334500.0,99.88069152832031,DRI
2018-12-19,105.91999816894531,99.98999786376953,104.58999633789062,100.62999725341797,2706600.0,96.78376007080078,DRI
2018-12-20,100.8499984741211,97.37000274658203,99.94999694824219,99.08000183105469,2617500.0,95.29299926757812,DRI
2018-12-21,101.44999694824219,98.62000274658203,99.04000091552734,99.18000030517578,2561500.0,95.3891830444336,DRI
2018-12-24,98.69999694824219,95.91999816894531,98.69999694824219,96.70999908447266,907100.0,93.01358032226562,DRI
2018-12-26,98.58000183105469,96.41000366210938,97.02999877929688,98.56999969482422,1172400.0,94.80249786376953,DRI
2018-12-27,98.55000305175781,95.83000183105469,97.81999969482422,98.55000305175781,1372900.0,94.78325653076172,DRI
2018-12-28,99.9000015258789,97.94000244140625,98.75,98.33999633789062,1290400.0,94.58128356933594,DRI
2018-12-31,99.86000061035156,97.9800033569336,98.56999969482422,99.86000061035156,1163400.0,96.04318237304688,DRI
2019-01-02,100.11000061035156,98.2300033569336,99.26000213623047,99.93000030517578,1563600.0,96.11051177978516,DRI
2019-01-03,99.68000030517578,97.91000366210938,99.0999984741211,98.31999969482422,1857800.0,94.56204223632812,DRI
2019-01-04,101.69000244140625,98.88999938964844,99.37999725341797,101.4000015258789,2070100.0,97.52433013916016,DRI
2019-01-07,104.88999938964844,101.62999725341797,101.73999786376953,103.94000244140625,1889300.0,99.96724700927734,DRI
2019-01-08,105.98999786376953,103.7300033569336,104.51000213623047,105.62000274658203,1676700.0,101.5830307006836,DRI
2019-01-09,105.80000305175781,104.18000030517578,105.54000091552734,104.87000274658203,1105600.0,101.58302307128906,DRI
2019-01-10,105.87999725341797,104.0999984741211,104.80999755859375,105.77999877929688,996200.0,102.46451568603516,DRI
2019-01-11,108.19999694824219,106.41999816894531,106.41999816894531,107.98999786376953,1340700.0,104.60523986816406,DRI
2019-01-14,107.87999725341797,105.33999633789062,107.6500015258789,105.91999816894531,1493700.0,102.6001205444336,DRI
2019-01-15,107.51000213623047,105.4800033569336,106.44000244140625,107.26000213623047,955300.0,103.89812469482422,DRI
2019-01-16,107.86000061035156,105.86000061035156,107.61000061035156,106.79000091552734,1090600.0,103.44285583496094,DRI
2019-01-17,108.43000030517578,106.81999969482422,106.81999969482422,108.01000213623047,1116400.0,104.62461853027344,DRI
2019-01-18,109.19999694824219,107.55999755859375,108.66000366210938,109.0199966430664,1111200.0,105.60295867919922,DRI
2019-01-22,110.08000183105469,107.58000183105469,108.69999694824219,108.62999725341797,1146000.0,105.22518157958984,DRI
2019-01-23,109.25,107.08000183105469,109.25,108.08999633789062,1106400.0,104.70211029052734,DRI
2019-01-24,108.80999755859375,107.38999938964844,108.3499984741211,107.41999816894531,837000.0,104.0531005859375,DRI
2019-01-25,108.16000366210938,105.69999694824219,108.16000366210938,106.43000030517578,1149300.0,103.0941390991211,DRI
2019-01-28,107.83999633789062,105.7699966430664,106.05999755859375,107.37000274658203,674400.0,104.00467681884766,DRI
2019-01-29,107.8499984741211,105.0,107.8499984741211,106.22000122070312,960700.0,102.8907241821289,DRI
2019-01-30,107.41999816894531,105.0999984741211,106.7699966430664,106.12999725341797,925800.0,102.80354309082031,DRI
2019-01-31,106.27999877929688,104.29000091552734,105.87000274658203,104.93000030517578,1618000.0,101.64115142822266,DRI
2019-02-01,105.56999969482422,104.25,104.94000244140625,104.9800033569336,1328700.0,101.68959045410156,DRI
2019-02-04,107.43000030517578,105.31999969482422,105.31999969482422,107.16999816894531,1312200.0,103.81094360351562,DRI
2019-02-05,108.16000366210938,106.55999755859375,107.0999984741211,108.08999633789062,2029200.0,104.70211029052734,DRI
2019-02-06,109.77999877929688,107.95999908447266,108.38999938964844,109.23999786376953,1304000.0,105.8160629272461,DRI
2019-02-07,110.19999694824219,108.6500015258789,109.01000213623047,109.58999633789062,1035500.0,106.15509033203125,DRI
2019-02-08,109.94999694824219,108.43000030517578,109.02999877929688,109.41000366210938,856000.0,105.98074340820312,DRI
2019-02-11,111.05999755859375,109.51000213623047,109.86000061035156,110.29000091552734,806000.0,106.8331527709961,DRI
2019-02-12,111.52999877929688,110.55000305175781,110.73999786376953,111.51000213623047,1181400.0,108.01490783691406,DRI
2019-02-13,112.0,109.80000305175781,111.54000091552734,111.63999938964844,692800.0,108.14083099365234,DRI
2019-02-14,112.48999786376953,110.80000305175781,111.38999938964844,111.9000015258789,893300.0,108.39269256591797,DRI
2019-02-15,113.19000244140625,111.79000091552734,112.58000183105469,112.12000274658203,704700.0,108.60579681396484,DRI
2019-02-19,112.12000274658203,111.30999755859375,112.12000274658203,111.33999633789062,737400.0,107.85023498535156,DRI
2019-02-20,112.02999877929688,110.41999816894531,111.7300033569336,110.54000091552734,702000.0,107.0753173828125,DRI
2019-02-21,111.29000091552734,109.36000061035156,110.12999725341797,111.0999984741211,1004300.0,107.61776733398438,DRI
2019-02-22,111.80999755859375,110.30000305175781,111.04000091552734,111.76000213623047,1035800.0,108.25708770751953,DRI
2019-02-25,112.56999969482422,110.94999694824219,112.56999969482422,111.08999633789062,1133500.0,107.60807037353516,DRI
2019-02-26,111.72000122070312,110.87999725341797,111.16000366210938,111.06999969482422,771000.0,107.58870697021484,DRI
2019-02-27,111.62999725341797,110.30000305175781,110.87999725341797,111.36000061035156,698700.0,107.86962127685547,DRI
2019-02-28,112.33999633789062,110.94000244140625,111.4000015258789,112.11000061035156,1038400.0,108.59610748291016,DRI
2019-03-01,113.37999725341797,111.06999969482422,112.7300033569336,111.6500015258789,779400.0,108.15052032470703,DRI
2019-03-04,112.86000061035156,110.0,111.62000274658203,111.19999694824219,1585000.0,107.71463775634766,DRI
2019-03-05,112.11000061035156,110.4000015258789,111.62000274658203,110.68000030517578,1534000.0,107.21092987060547,DRI
2019-03-06,111.2699966430664,109.22000122070312,110.97000122070312,109.54000091552734,941100.0,106.1066665649414,DRI
2019-03-07,109.66999816894531,107.91999816894531,109.52999877929688,108.43000030517578,1194100.0,105.03145599365234,DRI
2019-03-08,108.76000213623047,106.75,108.54000091552734,107.63999938964844,1379500.0,104.26620483398438,DRI
2019-03-11,109.12000274658203,107.33000183105469,107.70999908447266,108.77999877929688,910000.0,105.37047576904297,DRI
2019-03-12,109.56999969482422,108.52999877929688,109.2300033569336,109.44000244140625,838800.0,106.00979614257812,DRI
2019-03-13,111.06999969482422,109.5199966430664,109.77999877929688,110.04000091552734,1166700.0,106.59099578857422,DRI
2019-03-14,110.7699966430664,109.5,110.08999633789062,110.04000091552734,1132500.0,106.59099578857422,DRI
2019-03-15,111.38999938964844,109.66999816894531,110.04000091552734,110.66000366210938,1903100.0,107.19155883789062,DRI
2019-03-18,112.13999938964844,110.18000030517578,111.13999938964844,111.08999633789062,1259200.0,107.60807037353516,DRI
2019-03-19,111.37999725341797,109.8499984741211,111.37999725341797,110.37000274658203,1279200.0,106.91064453125,DRI
2019-03-20,110.95999908447266,108.31999969482422,110.29000091552734,108.6500015258789,1907300.0,105.24456024169922,DRI
2019-03-21,116.55999755859375,112.5,113.48999786376953,116.11000061035156,3790600.0,112.4707260131836,DRI
2019-03-22,118.19999694824219,115.80999755859375,116.22000122070312,117.44000244140625,1957700.0,113.75904846191406,DRI
2019-03-25,119.12000274658203,117.38999938964844,117.66000366210938,118.70999908447266,1678700.0,114.98924255371094,DRI
2019-03-26,119.97000122070312,118.29000091552734,118.38999938964844,119.0999984741211,1404700.0,115.36701965332031,DRI
2019-03-27,119.51000213623047,118.37000274658203,119.0,119.0199966430664,1520200.0,115.2895278930664,DRI
2019-03-28,121.30000305175781,119.31999969482422,119.52999877929688,121.12999725341797,1319800.0,117.33338165283203,DRI
2019-03-29,122.37000274658203,120.77999877929688,121.69000244140625,121.47000122070312,1270100.0,117.66272735595703,DRI
2019-04-01,122.36000061035156,119.95999908447266,122.12999725341797,120.4800033569336,950700.0,116.70376586914062,DRI
2019-04-02,120.16000366210938,118.31999969482422,120.16000366210938,119.18000030517578,1374400.0,115.44451141357422,DRI
2019-04-03,119.9800033569336,118.0,119.9800033569336,118.44999694824219,1297900.0,114.73739624023438,DRI
2019-04-04,118.7300033569336,117.0,118.58000183105469,118.51000213623047,1063800.0,114.79551696777344,DRI
2019-04-05,119.38999938964844,118.41999816894531,118.86000061035156,118.9800033569336,1564800.0,115.25077819824219,DRI
2019-04-08,119.52999877929688,118.54000091552734,119.0,119.33000183105469,1185700.0,115.58980560302734,DRI
2019-04-09,118.25,116.91000366210938,118.05999755859375,117.02999877929688,779700.0,114.07888793945312,DRI
2019-04-10,117.66000366210938,116.06999969482422,117.12000274658203,117.01000213623047,789500.0,114.05940246582031,DRI
2019-04-11,117.5,115.80999755859375,116.98999786376953,116.3499984741211,1130200.0,113.41604614257812,DRI
2019-04-12,117.33999633789062,116.22000122070312,116.5,116.5,1039000.0,113.562255859375,DRI
2019-04-15,116.5,115.55999755859375,116.44000244140625,115.8499984741211,853300.0,112.92864227294922,DRI
2019-04-16,116.73999786376953,114.76000213623047,116.30000305175781,115.73999786376953,879300.0,112.82142639160156,DRI
2019-04-17,115.87000274658203,113.81999969482422,115.66000366210938,114.41999816894531,1657700.0,111.53470611572266,DRI
2019-04-18,117.11000061035156,114.6500015258789,114.87999725341797,116.87000274658203,1632800.0,113.92293548583984,DRI
2019-04-22,117.29000091552734,116.25,116.37000274658203,116.81999969482422,1446100.0,113.87419128417969,DRI
2019-04-23,118.30999755859375,116.19000244140625,116.83000183105469,117.0,1395800.0,114.04964447021484,DRI
2019-04-24,118.4800033569336,116.73999786376953,116.95999908447266,117.93000030517578,828500.0,114.95620727539062,DRI
2019-04-25,119.5999984741211,117.62000274658203,117.83999633789062,119.1500015258789,1793700.0,116.14543914794922,DRI
2019-04-26,121.87999725341797,119.4800033569336,120.1500015258789,121.62000274658203,1565900.0,118.55314636230469,DRI
2019-04-29,121.87999725341797,119.75,121.73999786376953,120.33000183105469,1178100.0,117.29568481445312,DRI
2019-04-30,119.94000244140625,116.02999877929688,119.94000244140625,117.5999984741211,1617800.0,114.63451385498047,DRI
2019-05-01,117.63999938964844,115.45999908447266,117.37000274658203,115.52999877929688,1024700.0,112.61670684814453,DRI
2019-05-02,118.30999755859375,116.06999969482422,116.26000213623047,117.80999755859375,1764900.0,114.83921813964844,DRI
2019-05-03,118.44000244140625,117.05000305175781,118.13999938964844,117.68000030517578,945500.0,114.7125015258789,DRI
2019-05-06,118.88999938964844,116.0199966430664,116.44000244140625,118.68000030517578,997600.0,115.68728637695312,DRI
2019-05-07,119.69999694824219,118.05999755859375,118.05999755859375,119.45999908447266,1691700.0,116.4476089477539,DRI
2019-05-08,119.68000030517578,118.27999877929688,119.25,118.87000274658203,886900.0,115.87249755859375,DRI
2019-05-09,120.36000061035156,118.20999908447266,118.5999984741211,120.3499984741211,974800.0,117.31517028808594,DRI
2019-05-10,122.0199966430664,119.51000213623047,120.13999938964844,121.75,984300.0,118.67987060546875,DRI
2019-05-13,120.7300033569336,119.4000015258789,120.05999755859375,120.18000030517578,1015900.0,117.14946746826172,DRI
2019-05-14,122.0199966430664,120.08000183105469,120.16999816894531,121.02999877929688,1057900.0,117.97802734375,DRI
2019-05-15,121.80999755859375,120.61000061035156,120.87999725341797,120.95999908447266,999200.0,117.9097900390625,DRI
2019-05-16,122.12000274658203,118.68000030517578,121.30999755859375,118.94999694824219,1405000.0,115.95046997070312,DRI
2019-05-17,120.55999755859375,118.0199966430664,118.0199966430664,119.86000061035156,1863500.0,116.83753204345703,DRI
2019-05-20,123.2699966430664,119.62999725341797,120.16000366210938,122.91000366210938,2044100.0,119.81062316894531,DRI
2019-05-21,125.33000183105469,123.0999984741211,123.20999908447266,124.77999877929688,1696900.0,121.63346862792969,DRI
2019-05-22,125.12999725341797,122.2699966430664,124.43000030517578,123.02999877929688,1781500.0,119.92759704589844,DRI
2019-05-23,123.0999984741211,119.63999938964844,122.9000015258789,120.76000213623047,1739000.0,117.71484375,DRI
2019-05-24,121.04000091552734,119.22000122070312,120.68000030517578,120.12999725341797,1232500.0,117.10071563720703,DRI
2019-05-28,120.98999786376953,118.08000183105469,120.7300033569336,118.12999725341797,2376500.0,115.15115356445312,DRI
2019-05-29,117.48999786376953,114.69999694824219,117.4000015258789,115.93000030517578,1746100.0,113.00662994384766,DRI
2019-05-30,118.16000366210938,115.6500015258789,115.77999877929688,117.6500015258789,949600.0,114.68325805664062,DRI
2019-05-31,117.44999694824219,115.91000366210938,116.69000244140625,116.31999969482422,1359700.0,113.38679504394531,DRI
2019-06-03,116.6500015258789,115.38999938964844,116.01000213623047,116.44999694824219,1402000.0,113.51351165771484,DRI
2019-06-04,119.56999969482422,116.8499984741211,117.05000305175781,118.0199966430664,1633700.0,115.0439224243164,DRI
2019-06-05,118.55999755859375,117.18000030517578,118.29000091552734,118.01000213623047,1210500.0,115.03418731689453,DRI
2019-06-06,121.37000274658203,117.75,118.0,120.68000030517578,1114600.0,117.63685607910156,DRI
2019-06-07,122.63999938964844,121.01000213623047,121.33999633789062,121.31999969482422,1146000.0,118.2607192993164,DRI
2019-06-10,122.75,118.45999908447266,121.61000061035156,118.9800033569336,886400.0,115.9797134399414,DRI
2019-06-11,120.7699966430664,118.72000122070312,119.56999969482422,119.02999877929688,1094900.0,116.02845764160156,DRI
2019-06-12,120.0199966430664,117.12999725341797,119.83999633789062,117.80999755859375,1143600.0,114.83921813964844,DRI
2019-06-13,119.5,118.01000213623047,118.11000061035156,118.9000015258789,1265900.0,115.90174102783203,DRI
2019-06-14,120.19000244140625,118.62000274658203,118.76000213623047,119.68000030517578,895300.0,116.66207122802734,DRI
2019-06-17,119.9800033569336,116.93000030517578,119.83000183105469,118.30999755859375,1833000.0,115.32661437988281,DRI
2019-06-18,119.38999938964844,117.25,118.33999633789062,117.93000030517578,2129500.0,114.95620727539062,DRI
2019-06-19,119.26000213623047,115.77999877929688,117.91000366210938,117.41000366210938,2491700.0,114.44931030273438,DRI
2019-06-20,119.83999633789062,112.5,114.8499984741211,118.66999816894531,4003800.0,115.67754364013672,DRI
2019-06-21,121.44999694824219,118.66999816894531,119.04000091552734,121.2300033569336,2277600.0,118.17298889160156,DRI
2019-06-24,123.97000122070312,121.5,121.62000274658203,121.98999786376953,2263700.0,118.91382598876953,DRI
2019-06-25,123.9000015258789,122.08000183105469,122.38999938964844,123.13999938964844,1561500.0,120.03482055664062,DRI
2019-06-26,123.44999694824219,119.2699966430664,123.0199966430664,120.01000213623047,1788600.0,116.98374938964844,DRI
2019-06-27,121.69999694824219,119.70999908447266,120.0,121.54000091552734,1047100.0,118.47516632080078,DRI
2019-06-28,121.98999786376953,120.16999816894531,120.98999786376953,121.7300033569336,2434900.0,118.6603775024414,DRI
2019-07-01,123.30999755859375,120.3499984741211,122.87000274658203,121.58999633789062,1201300.0,118.5239028930664,DRI
2019-07-02,121.68000030517578,120.31999969482422,121.5999984741211,120.83000183105469,1076400.0,117.78307342529297,DRI
2019-07-03,122.44000244140625,120.94999694824219,120.94999694824219,121.70999908447266,605900.0,118.64087677001953,DRI
2019-07-05,123.68000030517578,121.30999755859375,121.87000274658203,123.63999938964844,630200.0,120.522216796875,DRI
2019-07-08,125.18000030517578,122.5,123.2699966430664,124.9800033569336,1860100.0,121.82842254638672,DRI
2019-07-09,124.83000183105469,122.1500015258789,123.91999816894531,122.58000183105469,1370800.0,120.33624267578125,DRI
2019-07-10,123.20999908447266,120.70999908447266,122.62000274658203,121.5,1128300.0,119.27600860595703,DRI
2019-07-11,122.7300033569336,120.91000366210938,121.7300033569336,122.33000183105469,958500.0,120.0908203125,DRI
2019-07-12,125.13999938964844,122.7300033569336,123.0199966430664,124.76000213623047,1000800.0,122.4763412475586,DRI
2019-07-15,125.98999786376953,124.70999908447266,124.9800033569336,125.41999816894531,842600.0,123.12425231933594,DRI
2019-07-16,125.47000122070312,123.12999725341797,124.18000030517578,123.20999908447266,1511900.0,120.95470428466797,DRI
2019-07-17,123.88999938964844,121.26000213623047,123.44000244140625,122.20999908447266,1437900.0,119.97300720214844,DRI
2019-07-18,124.0999984741211,121.95999908447266,122.41999816894531,124.06999969482422,988900.0,121.79895782470703,DRI
2019-07-19,125.13999938964844,123.22000122070312,123.87999725341797,124.41000366210938,999000.0,122.13275146484375,DRI
2019-07-22,125.77999877929688,124.05999755859375,124.7300033569336,125.45999908447266,941800.0,123.16352081298828,DRI
2019-07-23,126.44999694824219,124.69000244140625,126.16000366210938,125.16000366210938,954400.0,122.8690185546875,DRI
2019-07-24,126.06999969482422,123.56999969482422,125.19000244140625,124.23999786376953,989800.0,121.9658432006836,DRI
2019-07-25,124.33000183105469,123.0,124.01000213623047,123.58999633789062,955300.0,121.32774353027344,DRI
2019-07-26,126.33999633789062,123.70999908447266,124.26000213623047,125.95999908447266,827500.0,123.65436553955078,DRI
2019-07-29,126.75,125.12999725341797,125.95999908447266,126.62000274658203,1009900.0,124.30229187011719,DRI
2019-07-30,126.3499984741211,123.75,126.12999725341797,124.68000030517578,651400.0,122.39779663085938,DRI
2019-07-31,124.12000274658203,120.13999938964844,124.12000274658203,121.55999755859375,1159200.0,119.33490753173828,DRI
2019-08-01,122.05999755859375,120.12000274658203,121.5999984741211,120.87999725341797,977900.0,118.6673583984375,DRI
2019-08-02,121.80000305175781,119.8499984741211,120.94000244140625,120.08999633789062,890200.0,117.89180755615234,DRI
2019-08-05,119.80000305175781,116.72000122070312,118.76000213623047,118.0199966430664,1000400.0,115.85970306396484,DRI
2019-08-06,119.36000061035156,117.72000122070312,118.30999755859375,117.88999938964844,974500.0,115.73208618164062,DRI
2019-08-07,119.37000274658203,116.37000274658203,117.36000061035156,118.93000030517578,1092800.0,116.75305938720703,DRI
2019-08-08,122.08999633789062,118.88999938964844,119.43000030517578,122.05000305175781,1075900.0,119.8159408569336,DRI
2019-08-09,123.88999938964844,120.80999755859375,121.72000122070312,122.43000030517578,1513900.0,120.1889877319336,DRI
2019-08-12,122.7300033569336,118.12999725341797,122.12999725341797,120.66000366210938,1038200.0,118.45137786865234,DRI
2019-08-13,122.91999816894531,119.91999816894531,120.69000244140625,121.16000366210938,899500.0,118.9422378540039,DRI
2019-08-14,120.31999969482422,116.77999877929688,120.0,116.80000305175781,1173600.0,114.66204071044922,DRI
2019-08-15,117.25,114.63999938964844,116.77999877929688,114.91000366210938,1480000.0,112.806640625,DRI
2019-08-16,117.6500015258789,115.0999984741211,115.31999969482422,117.0999984741211,839900.0,114.95654296875,DRI
2019-08-19,120.33000183105469,117.88999938964844,118.45999908447266,119.56999969482422,921800.0,117.38133239746094,DRI
2019-08-20,119.68000030517578,117.36000061035156,119.41999816894531,118.87000274658203,698600.0,116.69415283203125,DRI
2019-08-21,119.9800033569336,118.5199966430664,119.33999633789062,119.52999877929688,947200.0,117.3420639038086,DRI
2019-08-22,121.94999694824219,119.55999755859375,119.55999755859375,120.9000015258789,844700.0,118.6869888305664,DRI
2019-08-23,122.70999908447266,120.05000305175781,120.8499984741211,120.52999877929688,1038000.0,118.32376098632812,DRI
2019-08-26,121.2699966430664,119.4800033569336,121.2699966430664,121.19999694824219,786600.0,118.98149871826172,DRI
2019-08-27,121.47000122070312,119.1500015258789,121.19999694824219,119.5199966430664,1118100.0,117.33223724365234,DRI
2019-08-28,120.70999908447266,119.04000091552734,119.41999816894531,120.19999694824219,639500.0,117.99980163574219,DRI
2019-08-29,122.45999908447266,120.37000274658203,120.48999786376953,121.83999633789062,941800.0,119.60977935791016,DRI
2019-08-30,122.91999816894531,120.70999908447266,121.7699966430664,120.9800033569336,905100.0,118.7655258178711,DRI
2019-09-03,121.44999694824219,118.62000274658203,120.56999969482422,119.5199966430664,805800.0,117.33223724365234,DRI
2019-09-04,122.91999816894531,119.62999725341797,120.04000091552734,122.12000274658203,1200500.0,119.88465881347656,DRI
2019-09-05,124.77999877929688,121.83000183105469,123.16999816894531,124.05999755859375,1020000.0,121.78914642333984,DRI
2019-09-06,127.61000061035156,124.45999908447266,124.68000030517578,125.4800033569336,1812400.0,123.18315887451172,DRI
2019-09-09,127.70999908447266,125.06999969482422,125.87000274658203,127.56999969482422,1166600.0,125.23490142822266,DRI
2019-09-10,127.16000366210938,124.94000244140625,126.79000091552734,126.94999694824219,1049000.0,124.6262435913086,DRI
2019-09-11,127.98999786376953,126.47000122070312,127.44999694824219,127.19999694824219,977300.0,124.87167358398438,DRI
2019-09-12,127.45999908447266,125.97000122070312,127.08000183105469,126.05999755859375,1044800.0,123.7525405883789,DRI
2019-09-13,128.41000366210938,125.95999908447266,126.2300033569336,127.33999633789062,1088100.0,125.00910186767578,DRI
2019-09-16,128.07000732421875,126.06999969482422,126.23999786376953,126.91000366210938,1282200.0,124.58698272705078,DRI
2019-09-17,127.94000244140625,124.83000183105469,127.29000091552734,126.0,1330200.0,123.69364166259766,DRI
2019-09-18,127.5999984741211,126.36000061035156,126.44999694824219,127.12999725341797,1519000.0,124.8029556274414,DRI
2019-09-19,123.91000366210938,120.44000244140625,122.0199966430664,120.68000030517578,4339900.0,118.47101593017578,DRI
2019-09-20,121.55000305175781,119.05000305175781,120.61000061035156,119.80000305175781,1976300.0,117.60713195800781,DRI
2019-09-23,120.02999877929688,118.4000015258789,119.69999694824219,119.19000244140625,1528500.0,117.00829315185547,DRI
2019-09-24,121.12999725341797,117.37999725341797,119.8499984741211,117.81999969482422,2467100.0,115.66336059570312,DRI
2019-09-25,119.13999938964844,117.70999908447266,118.0,118.5,1555800.0,116.33092498779297,DRI
2019-09-26,118.38999938964844,115.63999938964844,118.02999877929688,116.44000244140625,1216600.0,114.30863189697266,DRI
2019-09-27,117.3499984741211,115.54000091552734,116.68000030517578,116.36000061035156,1113000.0,114.23008728027344,DRI
2019-09-30,118.5999984741211,116.80000305175781,116.80000305175781,118.22000122070312,1377700.0,116.05604553222656,DRI
2019-10-01,118.87000274658203,116.30999755859375,118.27999877929688,117.01000213623047,1735800.0,114.86819458007812,DRI
2019-10-02,116.5999984741211,114.05000305175781,116.11000061035156,115.86000061035156,2908400.0,113.73925018310547,DRI
2019-10-03,116.51000213623047,113.9800033569336,115.80000305175781,115.44999694824219,1782800.0,113.33675384521484,DRI
2019-10-04,116.55000305175781,115.2300033569336,115.23999786376953,116.41999816894531,1329700.0,114.28899383544922,DRI
2019-10-07,116.41000366210938,115.29000091552734,116.20999908447266,115.79000091552734,1210900.0,113.67052459716797,DRI
2019-10-08,115.58999633789062,113.91000366210938,115.20999908447266,113.94000244140625,1503900.0,111.8543930053711,DRI
2019-10-09,113.5999984741211,112.16000366210938,113.37000274658203,112.47000122070312,2019500.0,111.27069091796875,DRI
2019-10-10,113.16000366210938,111.58999633789062,112.62000274658203,112.02999877929688,2172300.0,110.83537292480469,DRI
2019-10-11,114.12999725341797,112.81999969482422,113.05000305175781,113.04000091552734,1424000.0,111.83460235595703,DRI
2019-10-14,112.81999969482422,110.38999938964844,112.75,110.44999694824219,1106300.0,109.272216796875,DRI
2019-10-15,110.91000366210938,109.80999755859375,110.66000366210938,110.29000091552734,1275400.0,109.11392974853516,DRI
2019-10-16,111.0199966430664,109.69999694824219,110.31999969482422,110.0,1149700.0,108.82701873779297,DRI
2019-10-17,110.48999786376953,109.08999633789062,110.48999786376953,109.13999938964844,1007700.0,107.97618865966797,DRI
2019-10-18,110.72000122070312,109.1500015258789,109.4000015258789,110.44999694824219,1195600.0,109.272216796875,DRI
2019-10-21,111.5199966430664,110.0,110.47000122070312,110.16000366210938,1021000.0,108.98532104492188,DRI
2019-10-22,110.68000030517578,108.56999969482422,110.29000091552734,108.81999969482422,1172600.0,107.65960693359375,DRI
2019-10-23,110.43000030517578,108.58000183105469,108.8499984741211,110.4000015258789,1196300.0,109.22276306152344,DRI
2019-10-24,111.33000183105469,109.58999633789062,110.70999908447266,110.41000366210938,1227400.0,109.23265838623047,DRI
2019-10-25,112.70999908447266,110.0999984741211,110.0999984741211,112.37000274658203,1102000.0,111.1717529296875,DRI
2019-10-28,113.2300033569336,111.30999755859375,112.55000305175781,111.3499984741211,867000.0,110.1626205444336,DRI
2019-10-29,113.9000015258789,111.91999816894531,113.22000122070312,113.75,1666100.0,112.53703308105469,DRI
2019-10-30,113.91999816894531,111.48999786376953,113.37999725341797,112.98999786376953,1146700.0,111.78514099121094,DRI
2019-10-31,113.66000366210938,111.94000244140625,113.16999816894531,112.2699966430664,865100.0,111.07281494140625,DRI
2019-11-01,113.43000030517578,112.12999725341797,112.63999938964844,112.16999816894531,822800.0,110.97388458251953,DRI
2019-11-04,112.5,110.72000122070312,112.19000244140625,110.94999694824219,1072500.0,109.76689147949219,DRI
2019-11-05,113.12000274658203,110.66000366210938,110.9000015258789,112.7699966430664,1150200.0,111.5674819946289,DRI
2019-11-06,113.04000091552734,111.80999755859375,112.97000122070312,112.79000091552734,837100.0,111.5872802734375,DRI
2019-11-07,113.77999877929688,112.81999969482422,113.27999877929688,113.4800033569336,926900.0,112.26991271972656,DRI
2019-11-08,114.91000366210938,113.25,113.36000061035156,114.91000366210938,989000.0,113.6846694946289,DRI
2019-11-11,114.94999694824219,113.7699966430664,114.18000030517578,114.36000061035156,921900.0,113.14053344726562,DRI
2019-11-12,114.68000030517578,109.75,114.33999633789062,112.44000244140625,931800.0,111.24100494384766,DRI
2019-11-13,112.94000244140625,111.55000305175781,112.0,112.58000183105469,895000.0,111.37950897216797,DRI
2019-11-14,113.56999969482422,112.11000061035156,112.51000213623047,112.47000122070312,613400.0,111.27069091796875,DRI
2019-11-15,113.18000030517578,111.97000122070312,112.94999694824219,112.5999984741211,1256300.0,111.39929962158203,DRI
2019-11-18,114.01000213623047,112.29000091552734,112.44999694824219,113.27999877929688,2205500.0,112.0720443725586,DRI
2019-11-19,113.91000366210938,112.88999938964844,113.44000244140625,113.48999786376953,1020900.0,112.27980041503906,DRI
2019-11-20,115.19999694824219,113.4800033569336,113.68000030517578,114.75,908500.0,113.52637481689453,DRI
2019-11-21,115.2699966430664,113.20999908447266,115.12999725341797,113.48999786376953,696200.0,112.27980041503906,DRI
2019-11-22,114.86000061035156,112.94000244140625,113.83999633789062,114.66999816894531,645600.0,113.44722747802734,DRI
2019-11-25,116.3499984741211,114.70999908447266,115.26000213623047,115.66000366210938,894300.0,114.42667388916016,DRI
2019-11-26,117.30000305175781,115.43000030517578,115.79000091552734,117.19000244140625,1578400.0,115.94036102294922,DRI
2019-11-27,118.22000122070312,117.25,117.75,117.45999908447266,885800.0,116.20747375488281,DRI
2019-11-29,119.27999877929688,117.25,117.66999816894531,118.44000244140625,803500.0,117.1770248413086,DRI
2019-12-02,119.44000244140625,117.98999786376953,118.48999786376953,119.31999969482422,997600.0,118.04763793945312,DRI
2019-12-03,118.93000030517578,117.05000305175781,118.7300033569336,118.47000122070312,1316600.0,117.20670318603516,DRI
2019-12-04,118.83999633789062,117.30000305175781,118.30000305175781,117.94999694824219,1069500.0,116.69224548339844,DRI
2019-12-05,118.81999969482422,117.33000183105469,118.23999786376953,118.48999786376953,1308400.0,117.22649383544922,DRI
2019-12-06,119.9800033569336,118.5999984741211,119.05000305175781,119.83000183105469,977800.0,118.55220031738281,DRI
2019-12-09,119.97000122070312,118.0999984741211,119.95999908447266,118.0999984741211,1369700.0,116.84065246582031,DRI
2019-12-10,118.76000213623047,117.70999908447266,118.0999984741211,118.58000183105469,1071600.0,117.31553649902344,DRI
2019-12-11,118.87999725341797,117.33000183105469,118.56999969482422,117.44000244140625,995400.0,116.18769073486328,DRI
2019-12-12,117.22000122070312,115.8499984741211,116.26000213623047,116.2699966430664,1054700.0,115.03015899658203,DRI
2019-12-13,116.4000015258789,114.94999694824219,115.93000030517578,115.58000183105469,918800.0,114.34752655029297,DRI
2019-12-16,116.5999984741211,115.0999984741211,116.16999816894531,116.0199966430664,925900.0,114.78282165527344,DRI
2019-12-17,116.45999908447266,115.41000366210938,115.5199966430664,116.01000213623047,1041300.0,114.77293395996094,DRI
2019-12-18,116.80999755859375,115.0199966430664,116.33000183105469,116.30999755859375,1610500.0,115.06973266601562,DRI
2019-12-19,113.0,109.02999877929688,112.04000091552734,109.02999877929688,5406000.0,107.86737060546875,DRI
2019-12-20,111.8499984741211,109.30000305175781,110.0,110.23999786376953,3928700.0,109.06446075439453,DRI
2019-12-23,109.94000244140625,107.91000366210938,109.94000244140625,108.69999694824219,1871900.0,107.54087829589844,DRI
2019-12-24,108.94999694824219,108.1500015258789,108.69999694824219,108.5,668500.0,107.343017578125,DRI
2019-12-26,109.37999725341797,108.04000091552734,108.87000274658203,108.91000366210938,1013500.0,107.74864959716797,DRI
2019-12-27,108.5199966430664,107.30000305175781,108.23999786376953,108.01000213623047,1520600.0,106.85824584960938,DRI
2019-12-30,109.0,107.48999786376953,108.0,108.95999908447266,1478600.0,107.79811096191406,DRI
2019-12-31,109.33999633789062,107.95999908447266,109.01000213623047,109.01000213623047,1601000.0,107.84757995605469,DRI
2020-01-02,112.26000213623047,109.38999938964844,109.80000305175781,112.26000213623047,2745500.0,111.06291961669922,DRI
2020-01-03,112.5199966430664,110.87999725341797,111.55999755859375,112.37999725341797,1371300.0,111.181640625,DRI
2020-01-06,113.1500015258789,111.62999725341797,112.12000274658203,113.12000274658203,1595900.0,111.91375732421875,DRI
2020-01-07,113.4800033569336,111.7300033569336,112.20999908447266,112.1500015258789,1901800.0,110.9541015625,DRI
2020-01-08,114.06999969482422,111.81999969482422,112.25,113.8499984741211,1675800.0,112.63597106933594,DRI
2020-01-09,115.5,112.6500015258789,113.41999816894531,114.38999938964844,1906700.0,114.05177307128906,DRI
2020-01-10,114.83000183105469,113.55999755859375,114.58000183105469,114.55000305175781,1146100.0,114.2113037109375,DRI
2020-01-13,114.88999938964844,113.05000305175781,114.55000305175781,113.25,1517400.0,112.9151382446289,DRI
2020-01-14,112.83999633789062,111.66000366210938,112.83999633789062,112.20999908447266,2080700.0,111.87821197509766,DRI
2020-01-15,112.63999938964844,111.25,112.20999908447266,111.29000091552734,1511300.0,110.9609375,DRI
2020-01-16,113.8499984741211,110.7300033569336,111.12000274658203,113.01000213623047,2681700.0,112.67584991455078,DRI
2020-01-17,113.75,112.95999908447266,113.27999877929688,113.5199966430664,1050200.0,113.18434143066406,DRI
2020-01-21,114.69000244140625,113.01000213623047,113.11000061035156,114.55000305175781,1502800.0,114.2113037109375,DRI
2020-01-22,115.44999694824219,114.63999938964844,114.81999969482422,114.9800033569336,1423000.0,114.64002990722656,DRI
2020-01-23,117.72000122070312,114.69999694824219,114.94999694824219,117.62000274658203,1525100.0,117.27222442626953,DRI
2020-01-24,117.7699966430664,116.55999755859375,117.75,117.08999633789062,1080200.0,116.74378204345703,DRI
2020-01-27,116.98999786376953,115.87999725341797,115.9000015258789,116.37999725341797,1133500.0,116.03588104248047,DRI
2020-01-28,117.87000274658203,116.62999725341797,116.83999633789062,117.44999694824219,1391800.0,117.10272216796875,DRI
2020-01-29,119.58999633789062,116.44000244140625,117.80999755859375,119.20999908447266,1124700.0,118.8575210571289,DRI
2020-01-30,118.56999969482422,116.33000183105469,118.47000122070312,118.20999908447266,1336100.0,117.8604736328125,DRI
2020-01-31,118.48999786376953,115.83000183105469,118.30000305175781,116.43000030517578,1081700.0,116.08573913574219,DRI
2020-02-03,117.12999725341797,114.87999725341797,117.12999725341797,114.91999816894531,1343600.0,114.5802001953125,DRI
2020-02-04,116.73999786376953,115.55000305175781,115.88999938964844,115.55999755859375,1511700.0,115.21830749511719,DRI
2020-02-05,117.62999725341797,115.55000305175781,115.91000366210938,117.4800033569336,1700800.0,117.13263702392578,DRI
2020-02-06,121.80000305175781,117.86000061035156,117.9800033569336,121.5,2089300.0,121.1407470703125,DRI
2020-02-07,121.94999694824219,120.20999908447266,121.5,120.70999908447266,1555400.0,120.35308074951172,DRI
2020-02-10,121.97000122070312,120.23999786376953,120.62000274658203,121.79000091552734,979800.0,121.42989349365234,DRI
2020-02-11,122.41999816894531,120.66999816894531,121.88999938964844,122.2300033569336,1565100.0,121.86859130859375,DRI
2020-02-12,124.01000213623047,122.23999786376953,122.6500015258789,122.44999694824219,1150400.0,122.08793640136719,DRI
2020-02-13,122.43000030517578,121.2699966430664,122.12000274658203,122.2699966430664,1081100.0,121.9084701538086,DRI
2020-02-14,122.62999725341797,121.33000183105469,122.4800033569336,121.70999908447266,736900.0,121.35012817382812,DRI
2020-02-18,121.41000366210938,119.01000213623047,121.16000366210938,120.48999786376953,1062800.0,120.13373565673828,DRI
2020-02-19,121.22000122070312,119.95999908447266,120.80999755859375,120.68000030517578,905300.0,120.32317352294922,DRI
2020-02-20,121.0,119.41999816894531,120.4000015258789,120.68000030517578,757400.0,120.32317352294922,DRI
2020-02-21,121.38999938964844,119.95999908447266,119.9800033569336,121.0999984741211,1372200.0,120.74192810058594,DRI
2020-02-24,119.7699966430664,117.33999633789062,119.08999633789062,117.88999938964844,1177500.0,117.54141998291016,DRI
2020-02-25,118.44000244140625,111.66000366210938,118.44000244140625,111.75,1481600.0,111.4195785522461,DRI
2020-02-26,112.51000213623047,107.04000091552734,111.9000015258789,107.06999969482422,2085200.0,106.75341796875,DRI
2020-02-27,104.51000213623047,99.30000305175781,104.25,99.36000061035156,3096600.0,99.06621551513672,DRI
2020-02-28,100.76000213623047,94.2300033569336,96.5199966430664,97.5,2593000.0,97.21170806884766,DRI
2020-03-02,98.87000274658203,95.55999755859375,97.75,98.80000305175781,2405300.0,98.50787353515625,DRI
2020-03-03,100.4000015258789,94.45999908447266,98.47000122070312,95.30999755859375,1693800.0,95.02818298339844,DRI
2020-03-04,96.94000244140625,93.43000030517578,96.55000305175781,95.05999755859375,1789200.0,94.77892303466797,DRI
2020-03-05,94.41000366210938,87.37999725341797,94.41000366210938,87.94999694824219,2700400.0,87.68994903564453,DRI
2020-03-06,90.51000213623047,83.79000091552734,84.47000122070312,88.1500015258789,2449200.0,87.88935852050781,DRI
2020-03-09,82.62999725341797,77.2300033569336,82.06999969482422,77.43000030517578,2492100.0,77.20105743408203,DRI
2020-03-10,82.69000244140625,76.36000061035156,80.86000061035156,82.5999984741211,2301300.0,82.35576629638672,DRI
2020-03-11,79.29000091552734,69.69999694824219,79.05000305175781,70.20999908447266,3773100.0,70.00240325927734,DRI
2020-03-12,67.3499984741211,57.27000045776367,62.970001220703125,59.16999816894531,4078700.0,58.99504470825195,DRI
2020-03-13,65.4000015258789,59.290000915527344,63.959999084472656,65.31999969482422,4062300.0,65.12686157226562,DRI
2020-03-16,58.36000061035156,46.16999816894531,58.2400016784668,49.209999084472656,4490200.0,49.06449508666992,DRI
2020-03-17,50.15999984741211,35.939998626708984,49.900001525878906,41.93000030517578,9908500.0,41.80602264404297,DRI
2020-03-18,39.06999969482422,26.149999618530273,37.16999816894531,34.15999984741211,8833600.0,34.05899429321289,DRI
2020-03-19,46.540000915527344,30.5,33.72999954223633,42.41999816894531,10989700.0,42.29457092285156,DRI
2020-03-20,45.81999969482422,37.060001373291016,45.5,39.0,8879200.0,38.88468551635742,DRI
2020-03-23,42.2400016784668,37.150001525878906,39.880001068115234,41.029998779296875,7799000.0,40.9086799621582,DRI
2020-03-24,55.20000076293945,45.0,45.130001068115234,53.88999938964844,8707600.0,53.730655670166016,DRI
2020-03-25,67.72000122070312,54.0,56.65999984741211,58.45000076293945,7946600.0,58.27717590332031,DRI
2020-03-26,62.439998626708984,56.29999923706055,58.47999954223633,60.560001373291016,4744200.0,60.38093566894531,DRI
2020-03-27,57.709999084472656,52.5,56.56999969482422,54.65999984741211,6019800.0,54.498382568359375,DRI
2020-03-30,57.84000015258789,51.02000045776367,53.040000915527344,56.849998474121094,4062600.0,56.68190383911133,DRI
2020-03-31,59.0,53.11000061035156,56.900001525878906,54.459999084472656,6167900.0,54.298973083496094,DRI
2020-04-01,51.150001525878906,45.0,50.29999923706055,46.02000045776367,6602900.0,45.88392639160156,DRI
2020-04-02,49.650001525878906,43.11000061035156,46.279998779296875,44.310001373291016,4708200.0,44.178985595703125,DRI
2020-04-03,46.38999938964844,43.18000030517578,44.2400016784668,45.47999954223633,3640600.0,45.345523834228516,DRI
2020-04-06,55.880001068115234,49.0,49.20000076293945,52.400001525878906,4857900.0,52.24506378173828,DRI
2020-04-07,63.34000015258789,56.599998474121094,57.63999938964844,58.959999084472656,6526200.0,58.785667419433594,DRI
2020-04-08,65.3499984741211,59.380001068115234,62.15999984741211,63.56999969482422,4056600.0,63.38203430175781,DRI
2020-04-09,69.16999816894531,62.130001068115234,67.97000122070312,64.33999633789062,4873200.0,64.1497573852539,DRI
2020-04-13,65.19000244140625,59.79999923706055,65.0,60.88999938964844,2192100.0,60.7099609375,DRI
2020-04-14,64.69999694824219,60.720001220703125,63.369998931884766,61.150001525878906,3110800.0,60.96919250488281,DRI
2020-04-15,59.66999816894531,57.06999969482422,57.86000061035156,58.790000915527344,3735800.0,58.61616897583008,DRI
2020-04-16,59.9900016784668,56.5099983215332,58.689998626708984,57.97999954223633,2995500.0,57.808563232421875,DRI
2020-04-17,65.43000030517578,60.34000015258789,63.779998779296875,63.349998474121094,4037500.0,63.16268539428711,DRI
2020-04-20,64.55000305175781,61.0099983215332,61.34000015258789,61.790000915527344,2397700.0,61.6072998046875,DRI
2020-04-21,63.7400016784668,61.31999969482422,62.599998474121094,63.31999969482422,7066000.0,63.132774353027344,DRI
2020-04-22,69.45999908447266,64.97000122070312,64.9800033569336,68.30000305175781,6673500.0,68.09805297851562,DRI
2020-04-23,69.5,66.30000305175781,69.4800033569336,66.87000274658203,4055100.0,66.67227935791016,DRI
2020-04-24,69.30000305175781,65.75,67.69000244140625,68.81999969482422,3508600.0,68.61650848388672,DRI
2020-04-27,72.61000061035156,68.69000244140625,70.0,72.4000015258789,3282400.0,72.18592834472656,DRI
2020-04-28,77.11000061035156,71.22000122070312,76.41000366210938,74.80000305175781,4122700.0,74.5788345336914,DRI
2020-04-29,81.18000030517578,76.97000122070312,78.12000274658203,78.20999908447266,3908800.0,77.97874450683594,DRI
2020-04-30,77.54000091552734,72.79000091552734,76.94000244140625,73.79000091552734,3299100.0,73.57181549072266,DRI
2020-05-01,72.30999755859375,68.08000183105469,70.4000015258789,69.8499984741211,3467700.0,69.64346313476562,DRI
2020-05-04,70.69999694824219,66.0199966430664,67.13999938964844,70.62000274658203,2043000.0,70.41119384765625,DRI
2020-05-05,72.62999725341797,68.5999984741211,72.2699966430664,68.98999786376953,2524200.0,68.7860107421875,DRI
2020-05-06,71.2300033569336,68.19999694824219,69.68000030517578,68.20999908447266,2553300.0,68.00831604003906,DRI
2020-05-07,72.0999984741211,68.76000213623047,69.23999786376953,70.52999877929688,2304500.0,70.32145690917969,DRI
2020-05-08,74.87999725341797,71.75,72.0199966430664,74.72000122070312,2996300.0,74.49906921386719,DRI
2020-05-11,75.12999725341797,72.48999786376953,73.29000091552734,73.93000030517578,2728600.0,73.7114028930664,DRI
2020-05-12,75.12999725341797,68.87000274658203,74.55999755859375,70.31999969482422,3604100.0,70.11207580566406,DRI
2020-05-13,69.6500015258789,63.41999816894531,69.56999969482422,65.87999725341797,3964800.0,65.6852035522461,DRI
2020-05-14,67.2300033569336,61.209999084472656,63.0,66.66000366210938,3676700.0,66.46290588378906,DRI
2020-05-15,70.11000061035156,65.3499984741211,66.0,69.61000061035156,2528900.0,69.4041748046875,DRI
2020-05-18,76.55999755859375,74.3499984741211,74.54000091552734,75.44999694824219,2982900.0,75.2269058227539,DRI
2020-05-19,78.0,72.62000274658203,75.0,75.81999969482422,3251300.0,75.59581756591797,DRI
2020-05-20,78.93000030517578,76.3499984741211,78.0,78.31999969482422,3942500.0,78.08842468261719,DRI
2020-05-21,78.23999786376953,75.58000183105469,78.01000213623047,77.22000122070312,2855400.0,76.9916763305664,DRI
2020-05-22,77.9800033569336,75.13999938964844,77.69000244140625,75.62999725341797,2551900.0,75.4063720703125,DRI
2020-05-26,80.79000091552734,78.01000213623047,79.70999908447266,78.47000122070312,3052800.0,78.23798370361328,DRI
2020-05-27,81.69999694824219,78.2699966430664,81.44999694824219,81.55999755859375,3074000.0,81.31884002685547,DRI
2020-05-28,82.4000015258789,78.75,82.4000015258789,79.5,2835400.0,79.26493072509766,DRI
2020-05-29,79.47000122070312,75.87000274658203,78.06999969482422,76.86000061035156,4405600.0,76.63274383544922,DRI
2020-06-01,79.3499984741211,76.86000061035156,77.0,78.30999755859375,2337100.0,78.07845306396484,DRI
2020-06-02,79.55999755859375,77.13999938964844,78.94999694824219,78.12000274658203,1996100.0,77.8890151977539,DRI
2020-06-03,86.51000213623047,79.0199966430664,79.2699966430664,85.93000030517578,4058200.0,85.67591857910156,DRI
2020-06-04,88.22000122070312,83.81999969482422,85.3499984741211,86.04000091552734,3023900.0,85.78559875488281,DRI
2020-06-05,92.06999969482422,84.95999908447266,91.87000274658203,85.58999633789062,3542100.0,85.33692169189453,DRI
2020-06-08,88.81999969482422,83.44999694824219,88.81999969482422,84.73999786376953,3906100.0,84.48944091796875,DRI
2020-06-09,82.80000305175781,79.5999984741211,82.80000305175781,80.88999938964844,3284600.0,80.65082550048828,DRI
2020-06-10,80.94000244140625,76.72000122070312,80.77999877929688,77.7699966430664,2890600.0,77.54004669189453,DRI
2020-06-11,75.37000274658203,70.77999877929688,72.0,72.93000030517578,4509700.0,72.71436309814453,DRI
2020-06-12,76.66000366210938,71.91999816894531,76.23999786376953,75.94000244140625,3045600.0,75.71546173095703,DRI
2020-06-15,77.87000274658203,72.20999908447266,72.80000305175781,76.5,2501300.0,76.2738037109375,DRI
2020-06-16,81.45999908447266,76.30999755859375,80.41000366210938,76.70999908447266,3040900.0,76.48318481445312,DRI
2020-06-17,77.20999908447266,73.86000061035156,77.20999908447266,74.19000244140625,2495100.0,73.97063446044922,DRI
2020-06-18,75.51000213623047,72.05999755859375,73.0,74.12999725341797,2295700.0,73.91081237792969,DRI
2020-06-19,75.69000244140625,70.05999755859375,75.51000213623047,70.2699966430664,6749900.0,70.06222534179688,DRI
2020-06-22,71.41999816894531,68.68000030517578,69.79000091552734,71.3499984741211,3835600.0,71.13903045654297,DRI
2020-06-23,75.44000244140625,72.38999938964844,73.0,75.3499984741211,3107600.0,75.12720489501953,DRI
2020-06-24,73.83000183105469,68.91000366210938,72.98999786376953,70.80999755859375,4127400.0,70.60062408447266,DRI
2020-06-25,76.43000030517578,72.2699966430664,74.33999633789062,74.58999633789062,6345800.0,74.36944580078125,DRI
2020-06-26,74.88999938964844,70.33000183105469,74.58000183105469,72.94999694824219,7299600.0,72.73429870605469,DRI
2020-06-29,77.25,71.83999633789062,73.94999694824219,76.62999725341797,3880700.0,76.4034194946289,DRI
2020-06-30,76.27999877929688,74.27999877929688,75.54000091552734,75.7699966430664,2987800.0,75.54595947265625,DRI
2020-07-01,77.12999725341797,73.86000061035156,75.33999633789062,76.11000061035156,3791300.0,75.88495635986328,DRI
2020-07-02,78.0999984741211,74.08000183105469,77.97000122070312,74.77999877929688,3669800.0,74.55889129638672,DRI
2020-07-06,76.0,72.80000305175781,75.62999725341797,74.98999786376953,3023300.0,74.76826477050781,DRI
2020-07-07,74.91999816894531,72.06999969482422,74.30000305175781,72.19000244140625,2220500.0,71.97654724121094,DRI
2020-07-08,73.54000091552734,70.9800033569336,71.0,73.12000274658203,2008500.0,72.90380096435547,DRI
2020-07-09,73.94000244140625,69.7699966430664,73.94000244140625,71.33999633789062,2369700.0,71.12905883789062,DRI
2020-07-10,72.19000244140625,69.95999908447266,70.0,72.08999633789062,1974600.0,71.87683868408203,DRI
2020-07-13,76.11000061035156,71.41000366210938,74.30999755859375,72.9000015258789,3578400.0,72.6844482421875,DRI
2020-07-14,73.08999633789062,71.0199966430664,72.43000030517578,72.93000030517578,1741100.0,72.71436309814453,DRI
2020-07-15,79.27999877929688,75.0999984741211,75.3499984741211,79.12000274658203,3042700.0,78.88606262207031,DRI
2020-07-16,79.44000244140625,75.5,79.1500015258789,76.69000244140625,2373100.0,76.46324157714844,DRI
2020-07-17,77.62999725341797,75.94000244140625,76.66999816894531,77.51000213623047,2224100.0,77.28082275390625,DRI
2020-07-20,77.0199966430664,73.04000091552734,76.83000183105469,74.29000091552734,1977200.0,74.07034301757812,DRI
2020-07-21,76.41000366210938,74.80000305175781,75.29000091552734,75.5,1862700.0,75.27676391601562,DRI
2020-07-22,78.11000061035156,74.6500015258789,74.81999969482422,77.38999938964844,1397300.0,77.16117095947266,DRI
2020-07-23,77.37999725341797,74.80000305175781,76.5,76.16999816894531,1554000.0,75.94477844238281,DRI
2020-07-24,78.80000305175781,75.16999816894531,76.08999633789062,78.63999938964844,1783700.0,78.40747833251953,DRI
2020-07-27,78.20999908447266,75.62000274658203,78.12999725341797,76.37000274658203,2379500.0,76.1441879272461,DRI
2020-07-28,77.02999877929688,74.22000122070312,74.80000305175781,75.83999633789062,2306100.0,75.61575317382812,DRI
2020-07-29,79.23999786376953,76.44999694824219,76.69000244140625,78.83999633789062,2110600.0,78.60688018798828,DRI
2020-07-30,78.91000366210938,76.44999694824219,77.19999694824219,78.55000305175781,1532800.0,78.3177490234375,DRI
2020-07-31,78.4800033569336,75.7699966430664,78.4800033569336,75.9000015258789,2718900.0,75.67558288574219,DRI
2020-08-03,76.33000183105469,73.87999725341797,76.22000122070312,74.48999786376953,1871600.0,74.26974487304688,DRI
2020-08-04,77.41000366210938,74.70999908447266,74.70999908447266,76.4800033569336,1742000.0,76.25386810302734,DRI
2020-08-05,78.2300033569336,74.91000366210938,77.47000122070312,75.75,1682200.0,75.5260238647461,DRI
2020-08-06,77.0999984741211,75.11000061035156,75.12999725341797,76.48999786376953,1714500.0,76.26383209228516,DRI
2020-08-07,79.08000183105469,75.54000091552734,76.0,79.05999755859375,2655400.0,78.82623291015625,DRI
2020-08-10,82.62999725341797,79.75,79.75,81.52999877929688,2636600.0,81.28893280029297,DRI
2020-08-11,85.9800033569336,81.77999877929688,83.43000030517578,84.13999938964844,4441200.0,83.8912124633789,DRI
2020-08-12,85.19999694824219,83.5999984741211,85.12999725341797,84.5999984741211,2727300.0,84.349853515625,DRI
2020-08-13,85.47000122070312,83.83999633789062,84.5,84.55000305175781,2035100.0,84.30000305175781,DRI
2020-08-14,85.0999984741211,83.75,84.20999908447266,84.06999969482422,1654700.0,83.82141876220703,DRI
2020-08-17,84.20999908447266,82.48999786376953,83.62000274658203,83.9000015258789,1519300.0,83.65192413330078,DRI
2020-08-18,83.91999816894531,81.70999908447266,83.91000366210938,82.83000183105469,1640100.0,82.58509063720703,DRI
2020-08-19,82.4800033569336,79.41000366210938,81.26000213623047,79.87000274658203,3074800.0,79.63384246826172,DRI
2020-08-20,81.36000061035156,78.8499984741211,79.38999938964844,80.91000366210938,1181500.0,80.67076873779297,DRI
2020-08-21,83.47000122070312,80.9800033569336,81.30999755859375,82.70999908447266,2086200.0,82.46543884277344,DRI
2020-08-24,84.02999877929688,82.1500015258789,83.62999725341797,82.87999725341797,1629900.0,82.63493347167969,DRI
2020-08-25,84.29000091552734,81.63999938964844,83.69000244140625,82.61000061035156,1695200.0,82.36573791503906,DRI
2020-08-26,83.44999694824219,81.98999786376953,82.30000305175781,82.7300033569336,1520300.0,82.48538970947266,DRI
2020-08-27,87.37000274658203,83.77999877929688,83.87999725341797,85.76000213623047,2312000.0,85.50642395019531,DRI
2020-08-28,90.44000244140625,86.02999877929688,86.83999633789062,89.86000061035156,2932000.0,89.59429931640625,DRI
2020-08-31,89.93000030517578,86.66999816894531,89.9000015258789,86.66999816894531,1936200.0,86.41373443603516,DRI
2020-09-01,87.5199966430664,85.19000244140625,85.93000030517578,87.13999938964844,1922300.0,86.88233947753906,DRI
2020-09-02,90.61000061035156,87.27999877929688,87.80000305175781,90.30999755859375,1804500.0,90.04296875,DRI
2020-09-03,92.31999969482422,87.83999633789062,90.13999938964844,89.0999984741211,1906100.0,88.8365478515625,DRI
2020-09-04,91.33999633789062,87.6500015258789,90.05000305175781,89.27999877929688,1469600.0,89.0160140991211,DRI
2020-09-08,92.08000183105469,88.29000091552734,88.58000183105469,89.12000274658203,2200700.0,88.85649108886719,DRI
2020-09-09,89.80999755859375,88.05999755859375,89.43000030517578,88.58000183105469,1888900.0,88.31808471679688,DRI
2020-09-10,91.23999786376953,88.51000213623047,88.56999969482422,89.94999694824219,1727200.0,89.68402862548828,DRI
2020-09-11,89.95999908447266,84.91000366210938,89.94999694824219,86.80000305175781,1960200.0,86.54335021972656,DRI
2020-09-14,91.79000091552734,87.86000061035156,88.06999969482422,91.61000061035156,1563800.0,91.33912658691406,DRI
2020-09-15,94.44999694824219,90.33999633789062,91.25,93.37999725341797,1815700.0,93.10388946533203,DRI
2020-09-16,94.75,92.56999969482422,93.37000274658203,92.97000122070312,1920500.0,92.69510650634766,DRI
2020-09-17,93.0999984741211,90.55000305175781,92.11000061035156,91.62000274658203,1777100.0,91.3490982055664,DRI
2020-09-18,93.06999969482422,89.19999694824219,91.0999984741211,89.97000122070312,2035200.0,89.7039794921875,DRI
2020-09-21,87.8499984741211,85.37999725341797,86.08999633789062,87.77999877929688,2070100.0,87.52044677734375,DRI
2020-09-22,90.0,87.44999694824219,88.12000274658203,89.9800033569336,1601300.0,89.71395111083984,DRI
2020-09-23,91.45999908447266,88.94000244140625,91.2699966430664,90.0,2949100.0,89.73388671875,DRI
2020-09-24,99.5999984741211,92.30999755859375,92.41000366210938,97.30999755859375,7289300.0,97.02227020263672,DRI
2020-09-25,99.62000274658203,95.69999694824219,98.5999984741211,97.16999816894531,3601800.0,96.88268280029297,DRI
2020-09-28,101.29000091552734,97.2699966430664,98.66999816894531,100.58000183105469,3217900.0,100.28260803222656,DRI
2020-09-29,101.75,98.38999938964844,101.27999877929688,100.80000305175781,2288800.0,100.501953125,DRI
2020-09-30,103.05999755859375,100.18000030517578,100.18000030517578,100.73999786376953,2421000.0,100.44213104248047,DRI
2020-10-01,104.9800033569336,100.83999633789062,101.80000305175781,104.87999725341797,2053400.0,104.56988525390625,DRI
2020-10-02,105.6500015258789,101.2300033569336,101.5,104.20999908447266,2011900.0,103.90187072753906,DRI
2020-10-05,105.69999694824219,102.43000030517578,105.05999755859375,103.70999908447266,1594500.0,103.40335083007812,DRI
2020-10-06,104.61000061035156,100.83000183105469,103.80999755859375,101.25,2364600.0,100.95062255859375,DRI
2020-10-07,103.37000274658203,100.7699966430664,102.55000305175781,101.45999908447266,1523000.0,101.16000366210938,DRI
2020-10-08,103.72000122070312,100.41000366210938,101.9800033569336,103.37999725341797,1355000.0,103.37999725341797,DRI
2020-10-09,103.27999877929688,101.79000091552734,103.26000213623047,101.98999786376953,1380000.0,101.98999786376953,DRI
2020-10-12,101.79000091552734,99.87000274658203,101.4000015258789,100.16999816894531,1624200.0,100.16999816894531,DRI
2020-10-13,100.05000305175781,97.56999969482422,99.30000305175781,98.76000213623047,1675200.0,98.76000213623047,DRI
2020-10-14,100.37999725341797,98.66999816894531,98.95999908447266,99.2300033569336,1288000.0,99.2300033569336,DRI
2020-10-15,101.08999633789062,97.87000274658203,98.11000061035156,100.12999725341797,1183200.0,100.12999725341797,DRI
2020-10-16,100.5,98.30000305175781,100.0999984741211,98.94000244140625,1198300.0,98.94000244140625,DRI
2020-10-19,100.4800033569336,96.12999725341797,99.58999633789062,96.61000061035156,1238900.0,96.61000061035156,DRI
2020-10-20,99.33999633789062,96.41000366210938,97.31999969482422,98.33999633789062,1201200.0,98.33999633789062,DRI
2020-10-21,98.06999969482422,96.69999694824219,97.94000244140625,97.69000244140625,873300.0,97.69000244140625,DRI
2020-10-22,99.9000015258789,97.25,97.79000091552734,99.81999969482422,882700.0,99.81999969482422,DRI
2020-10-23,100.5199966430664,96.54000091552734,100.5199966430664,99.52999877929688,1454300.0,99.52999877929688,DRI
2020-10-26,98.72000122070312,94.0199966430664,98.72000122070312,95.4000015258789,1440000.0,95.4000015258789,DRI
2020-10-27,96.54000091552734,94.66999816894531,95.55000305175781,95.83999633789062,1691800.0,95.83999633789062,DRI
2020-10-28,93.81999969482422,89.88999938964844,93.66999816894531,90.19000244140625,2993100.0,90.19000244140625,DRI
2020-10-29,93.5,89.9000015258789,90.19000244140625,92.51000213623047,1577500.0,92.51000213623047,DRI
2020-10-30,93.05000305175781,89.33999633789062,91.70999908447266,91.91999816894531,1492400.0,91.91999816894531,DRI
2020-11-02,92.98999786376953,90.22000122070312,92.86000061035156,91.83999633789062,1185600.0,91.83999633789062,DRI
2020-11-03,93.7699966430664,92.08000183105469,93.0,93.0999984741211,1259100.0,93.0999984741211,DRI
2020-11-04,98.12999725341797,92.5999984741211,93.86000061035156,96.58999633789062,2422700.0,96.58999633789062,DRI
2020-11-05,101.5199966430664,96.69000244140625,96.69000244140625,101.5199966430664,2770700.0,101.5199966430664,DRI
2020-11-06,103.16000366210938,100.5,100.97000122070312,102.12000274658203,5172200.0,102.12000274658203,DRI
2020-11-09,125.95999908447266,112.80000305175781,115.91999816894531,120.55000305175781,6141700.0,120.55000305175781,DRI
2020-11-10,119.66999816894531,111.83999633789062,118.0,113.3499984741211,3203000.0,113.3499984741211,DRI
2020-11-11,113.93000030517578,105.5199966430664,113.93000030517578,107.08000183105469,2634800.0,107.08000183105469,DRI
2020-11-12,107.47000122070312,104.51000213623047,106.0199966430664,106.30999755859375,1828300.0,106.30999755859375,DRI
2020-11-13,107.88999938964844,105.55000305175781,106.55999755859375,107.58999633789062,1653200.0,107.58999633789062,DRI
2020-11-16,112.70999908447266,107.95999908447266,111.05999755859375,110.08000183105469,2070400.0,110.08000183105469,DRI
2020-11-17,110.5999984741211,107.12999725341797,110.33999633789062,108.52999877929688,1424100.0,108.52999877929688,DRI
2020-11-18,112.04000091552734,107.5999984741211,108.01000213623047,110.16000366210938,2031800.0,110.16000366210938,DRI
2020-11-19,110.29000091552734,107.6500015258789,108.80000305175781,109.80000305175781,1409800.0,109.80000305175781,DRI
2020-11-20,109.86000061035156,106.88999938964844,109.8499984741211,108.44999694824219,1598200.0,108.44999694824219,DRI
2020-11-23,111.95999908447266,108.77999877929688,111.44999694824219,109.58000183105469,1830800.0,109.58000183105469,DRI
2020-11-24,114.41999816894531,110.6500015258789,110.8499984741211,113.45999908447266,1522100.0,113.45999908447266,DRI
2020-11-25,111.01000213623047,108.54000091552734,110.37000274658203,110.58000183105469,1179500.0,110.58000183105469,DRI
2020-11-27,111.63999938964844,109.12000274658203,110.13999938964844,109.94999694824219,613700.0,109.94999694824219,DRI
2020-11-30,109.25,105.48999786376953,109.11000061035156,107.9800033569336,2667700.0,107.9800033569336,DRI
2020-12-01,111.16999816894531,107.68000030517578,109.19999694824219,110.51000213623047,1994100.0,110.51000213623047,DRI
2020-12-02,110.25,107.72000122070312,109.45999908447266,109.62999725341797,1766200.0,109.62999725341797,DRI
2020-12-03,113.80999755859375,108.62000274658203,109.5999984741211,112.79000091552734,3856400.0,112.79000091552734,DRI
2020-12-04,114.93000030517578,112.81999969482422,113.37999725341797,114.81999969482422,2790800.0,114.81999969482422,DRI
2020-12-07,113.58000183105469,110.47000122070312,113.4800033569336,112.12000274658203,1445600.0,112.12000274658203,DRI
2020-12-08,112.41999816894531,110.23999786376953,111.44999694824219,111.6500015258789,1598900.0,111.6500015258789,DRI
2020-12-09,115.16999816894531,111.63999938964844,112.5,114.38999938964844,1450600.0,114.38999938964844,DRI
2020-12-10,115.9000015258789,112.16000366210938,114.05000305175781,115.44000244140625,1437200.0,115.44000244140625,DRI
2020-12-11,115.45999908447266,110.75,113.98999786376953,112.72000122070312,1313100.0,112.72000122070312,DRI
2020-12-14,115.68000030517578,111.1500015258789,114.3499984741211,112.51000213623047,1347000.0,112.51000213623047,DRI
2020-12-15,114.95999908447266,112.37000274658203,113.86000061035156,114.43000030517578,1440800.0,114.43000030517578,DRI
2020-12-16,118.19999694824219,113.41999816894531,113.56999969482422,116.48999786376953,1674800.0,116.48999786376953,DRI
2020-12-17,119.36000061035156,115.3499984741211,118.5199966430664,118.62000274658203,1807900.0,118.62000274658203,DRI
2020-12-18,120.97000122070312,115.25,117.9000015258789,116.16000366210938,3851200.0,116.16000366210938,DRI
2020-12-21,117.87999725341797,112.33999633789062,113.5,116.91999816894531,1911300.0,116.91999816894531,DRI
2020-12-22,119.94000244140625,115.43000030517578,116.79000091552734,119.63999938964844,1377300.0,119.63999938964844,DRI
2020-12-23,121.29000091552734,118.5,118.86000061035156,119.58000183105469,1316100.0,119.58000183105469,DRI
2020-12-24,119.94000244140625,117.30999755859375,119.08999633789062,117.88999938964844,507400.0,117.88999938964844,DRI
2020-12-28,119.0,116.87000274658203,118.87000274658203,117.73999786376953,938400.0,117.73999786376953,DRI
2020-12-29,118.61000061035156,116.62000274658203,117.69000244140625,118.55999755859375,1010800.0,118.55999755859375,DRI
2020-12-30,119.80000305175781,117.01000213623047,118.33000183105469,117.55000305175781,729800.0,117.55000305175781,DRI
2020-12-31,120.0,116.4000015258789,117.22000122070312,119.12000274658203,759800.0,119.12000274658203,DRI
